name,dist_pc,aliases
M1,1990,NGC1952/Crab Nebula
M2,11500,NGC7089
M3,10390,NGC5272
M4,2210,NGC6121
M5,7510,NGC5904
M6,490.6,NGC6405/Butterfly Cluster
M7,300.5,NGC6475/Ptolemy Cluster
M8,1260,NGC6523/Lagoon Nebula/Sh2-25
M9,7910,NGC6333
M10,4380,NGC6254
M11,1900,NGC6705/Wild Duck Cluster
M12,4810,NGC6218
M13,6810,NGC6205/Hercules Cluster
M14,9290,NGC6402
M15,10300,NGC7078
M16,2150,NGC6611/Eagle Nebula
M17,1530,NGC6618/Omega Nebula/Swan Nebula
M18,1500,NGC6613
M19,8800,NGC6273
M20,1590,NGC6514/Trifid Nebula
M21,1300,NGC6531
M22,3190,NGC6656
M23,628.5,NGC6494
M24,3070,IC4715/Sagittarius Star Cloud
M25,613.2,IC4725
M26,1530,NGC6694
M27,417,NGC6853/Dumbbell Nebula
M28,5490,NGC6626
M29,1230,NGC6913
M30,8000,NGC7099
M31,778000,NGC224/Andromeda Galaxy
M32,812000,NGC221
M33,837000,NGC598/Triangulum Galaxy
M34,459.9,NGC1039
M35,858.5,NGC2168
M36,1260,NGC1960
M37,1380,NGC2099
M38,1290,NGC1912
M39,252.6,NGC7092
M40,156.4,Winnecke 4
M41,705.2,NGC2287
M42,412.1,NGC1976/Orion Nebula
M43,490.6,NGC1982/De Mairan's Nebula
M44,176.9,NGC2632/Beehive Cluster/Praesepe
M45,136.1,Pleiades
M46,1660,NGC2437
M47,490.6,NGC2422
M48,459.9,NGC2548
M49,17170000,NGC4472
M50,981.1,NGC2323
M51,7052000,NGC5194/Whirlpool Galaxy
M52,1530,NGC7654
M53,17780,NGC5024
M54,26800,NGC6715
M55,5400,NGC6809
M56,10090,NGC6779
M57,705.2,NGC6720/Ring Nebula
M58,20849000,NGC4579
M59,18396000,NGC4621
M60,16863000,NGC4649
M61,16097000,NGC4303
M62,6900,NGC6266
M63,11344000,NGC5055/Sunflower Galaxy
M64,7358000,NGC4826/Black Eye Galaxy
M65,10731000,NGC3623
M66,11038000,NGC3627
M67,827.8,NGC2682
M68,10300,NGC4590
M69,9110,NGC6637
M70,9010,NGC6681
M71,3990,NGC6838
M72,16990,NGC6981
M73,766.5,NGC6994
M74,9811000,NGC628/Phantom Galaxy
M75,20700,NGC6864
M76,1040,NGC650/Little Dumbbell Nebula
M77,14410000,NGC1068/Cetus A
M78,490.6,NGC2068
M79,12570,NGC1904
M80,10000,NGC6093
M81,3618000,NGC3031/Bode's Galaxy
M82,3526000,NGC3034/Cigar Galaxy
M83,4599000,NGC5236/Southern Pinwheel Galaxy
M84,18396000,NGC4374
M85,18396000,NGC4382
M86,15943000,NGC4406
M87,16403000,NGC4486/Virgo A
M88,14410000,NGC4501
M89,15330000,NGC4552
M90,17998000,NGC4569
M91,19316000,NGC4548
M92,8190,NGC6341
M93,1100,NGC2447
M94,4906000,NGC4736
M95,9995000,NGC3351
M96,9505000,NGC3368
M97,622.4,NGC3587/Owl Nebula
M98,13613000,NGC4192
M99,15391000,NGC4254
M100,16863000,NGC4321
M101,6408000,NGC5457/Pinwheel Galaxy
M102,15330000,NGC5866/Spindle Galaxy
M103,3070,NGC581
M104,8983000,NGC4594/Sombrero Galaxy
M105,9811000,NGC3379
M106,7266000,NGC4258
M107,6410,NGC6171
M108,13797000,NGC3556
M109,25601000,NGC3992
M110,825000,NGC205
NGC7000,794.1,North America Nebula/Caldwell 20
NGC6960,735.8,Western Veil Nebula/Witch's Broom
NGC6992,735.8,Eastern Veil Nebula
NGC6995,735.8,Bat Nebula
NGC6979,735.8,Pickering's Triangle
NGC7635,3370,Bubble Nebula
NGC281,2910,Pacman Nebula/Sh2-184
NGC2237,1590,Rosette Nebula
NGC2244,1590,Rosette Cluster
NGC2264,797.2,Cone Nebula/Christmas Tree Cluster
NGC1499,306.6,California Nebula/Sh2-220
NGC2024,413.9,Flame Nebula
NGC1977,459.9,Running Man Nebula
NGC869,2300,h Persei
NGC884,2300,Chi Persei
NGC253,3495000,Sculptor Galaxy/Caldwell 65
NGC891,9198000,Caldwell 23
NGC4565,13092000,Needle Galaxy/Caldwell 38
NGC5128,3679000,Centaurus A/Caldwell 77
NGC6888,1530,Crescent Nebula/Caldwell 27
NGC6543,1010,Cat's Eye Nebula/Caldwell 6
NGC7293,200.8,Helix Nebula/Caldwell 63
NGC7331,12264000,Caldwell 30
NGC7380,2210,Wizard Nebula/Sh2-142
NGC6820,1840,
NGC6823,1840,
NGC2070,49060,Tarantula Nebula
NGC6334,1690,Cat's Paw Nebula
NGC6357,1690,Lobster Nebula
NGC3372,2300,Carina Nebula/Eta Carinae Nebula
NGC6188,1230,
NGC2359,3680,Thor's Helmet
NGC1333,306.6,
NGC7023,398.6,Iris Nebula/Caldwell 4
NGC2903,9198000,
NGC4631,7665000,Whale Galaxy/Caldwell 32
NGC4656,7665000,Hockey Stick Galaxy
NGC5907,15330000,Splinter Galaxy
NGC3628,10731000,Hamburger Galaxy
NGC4038,13797000,Antennae Galaxies
NGC4039,13797000,
NGC6302,1040,Bug Nebula/Butterfly Nebula
NGC246,490.6,Skull Nebula/Caldwell 56
NGC7009,1590,Saturn Nebula/Caldwell 55
NGC6781,459.9,
NGC7129,1010,
NGC1275,72665000,Perseus A
NGC7822,889.1,
NGC896,2300,
NGC2174,1960,Monkey Head Nebula
NGC3324,2210,Gabriela Mistral Nebula
NGC6726,153.3,
IC1396,735.8,Elephant's Trunk Nebula
IC1805,2300,Heart Nebula/Sh2-190
IC1848,2300,Soul Nebula/Sh2-199
IC434,421.6,Horsehead Nebula/Barnard 33
IC5070,551.9,Pelican Nebula
IC443,1530,Jellyfish Nebula/Sh2-248
IC405,459.9,Flaming Star Nebula
IC410,3680,Tadpoles Nebula
IC2177,1170,Seagull Nebula
IC1318,1500,Gamma Cygni Nebula
IC63,168.6,Ghost of Cassiopeia
IC342,3281000,Hidden Galaxy/Caldwell 5
IC5146,766.5,Cocoon Nebula/Caldwell 19
IC2118,306.6,Witch Head Nebula
